Student_Email,Student_Name,Student_Number,Programme_Code,Programme_year,Student_Type
An.Dole@myTUD.com,An Dole,123456789,TA_KCOMP_HD,1,PT
Brry.Kig@myTUD.com,Brry Kig,234567891,TA_KCOMP_HD,1,PT
Luy.Hrry@myTUD.com,Luy arry,345678912,TA_KCOMP_HD,2,PT
Mlly.Bole@myTUD.com,Mlly Bole,456789123,TA_KCOMP_HD,2,PT
Pal.Fnn@myTUD.com,Pal Fnn,567891234,TA_KCOMP_HD,3,PT
Ean.Fo@myTUD.com,Ean Fo,678912345,TA_KCOMP_HD,3,PT
Harr.Fild@myTUD.com,Harr Fild,789123456,TA_KCOMP_HD,4,PT
Kvin.Clake@myTUD.com,Kvin Clake,891234567,TA_KCOMP_HD,4,PT
Tery.Chogan@myTUD.com,Tery Chogan,912345678,TA_KCOMP_HD,5,PT